{
  "0": 0,
  "1": 0.09159663865546218,
  "2": 0.1815126050420168,
  "3": 0.26974789915966385,
  "4": 0.35714285714285715,
  "5": 0.44201680672268906,
  "6": 0.5260504201680672,
  "7": 0.6084033613445378,
  "8": 0.6890756302521008,
  "9": 0.7680672268907563,
  "10": 0.846218487394958,
  "11": 0.9235294117647059,
  "12": 1,
  "13": 1.0747899159663865,
  "14": 1.1504201680672268,
  "15": 1.2243697478991598,
  "16": 1.2991596638655463,
  "17": 1.3697478991596639,
  "18": 1.4478991596638655,
  "19": 1.5243697478991596
}
